variant,seed,generation,best_so_far,mean_fitness,mean_size
mutate_parent,4,100,12.444948974278317,13.109608855532917,14.57
random_search,7,100,14.449444375840399,16.525961961140684,11.16
mutate_child,0,100,12.299999999999999,13.065908515424722,13.57
mutate_child,1,100,12.5,13.17618953341967,15.58
mutate_child,2,100,12.207106781186548,13.542388681016439,13.64
mutate_child,3,100,12.299999999999999,13.110416315527118,13.29
mutate_child,4,100,11.774165738677395,12.843521431384616,14.51
mutate_child,5,100,12.700000000000001,13.595375493489502,13.67
mutate_child,6,100,12.4,13.29801752252845,13.47
mutate_child,7,100,12.4,13.699469830653378,13.27
mutate_child,8,100,12.640175425099137,13.716438930310408,13.34
mutate_child,9,100,12.089897948556635,13.287296316636954,13.9
mutate_parent,0,100,13.013552872566004,13.654228641757902,12.89
mutate_parent,1,100,12.299999999999999,13.186047615873013,14.45
random_search,8,100,14.06287388383278,16.60779171055755,10.6
mutate_parent,2,100,12.2295630140987,13.208333223768907,12.84
mutate_parent,5,100,12.200000000000001,12.95368081749819,13.56
mutate_parent,6,100,12.047722557505166,13.348191758107733,13.32
mutate_parent,7,100,12.547722557505166,13.574476061025956,14.49
mutate_parent,8,100,12.891153452528776,13.905207992484677,12.56
mutate_parent,9,100,13.419803902718558,14.294040006150484,13.66
random_search,0,100,13.78806130178211,16.651948010882297,10.4
random_search,1,100,14.432575659723035,16.52632873374906,11.05
random_search,2,100,14.655592347112504,16.76022988192847,10.86
random_search,3,100,14.32763633939717,16.576229114653888,10.71
random_search,4,100,14.243024810940588,16.637732126804654,9.83
random_search,5,100,14.687119154832537,16.899872230809873,10.37
random_search,6,100,14.394438717061496,16.707736494721622,10.04
mutate_parent,3,100,12.274165738677395,12.971644786360393,13.47
random_search,9,100,14.70185121722126,16.605134407981417,10.47
